period,underlying_asset,value_usd,share,share_prev,d_share,value_prev,d_value
2011-09-30,Commodity (ETF),1879550000.0,0.0009525481390224292,,,,
2011-09-30,Equity,1950426709000.0,0.9884681609734197,,,,
2011-09-30,Equity (ETF),7397775000.0,0.0037491616659076116,,,,
2011-09-30,Fixed Income (ETF),1627444000.0,0.0008247818645756794,,,,
2011-09-30,Options,6884718000.0,0.0034891465077248386,,,,
2011-09-30,Preferred,4964920000.0,0.0025162008493497057,,,,
2011-12-31,Commodity (ETF),2676965000.0,0.0011281982436668748,0.0009525481390224292,0.00017565010464444563,1879550000.0,797415000.0
2011-12-31,Equity,2290491991000.0,0.9653204436289766,0.9884681609734197,-0.023147717344443097,1950426709000.0,340065282000.0
2011-12-31,Equity (ETF),13084726000.0,0.005514515465111532,0.0037491616659076116,0.0017653537992039204,7397775000.0,5686951000.0
2011-12-31,Fixed Income (ETF),3189172000.0,0.0013440662276688617,0.0008247818645756794,0.0005192843630931823,1627444000.0,1561728000.0
2011-12-31,Options,27196243000.0,0.011461768677191349,0.0034891465077248386,0.00797262216946651,6884718000.0,20311525000.0
2011-12-31,Preferred,36139814000.0,0.015231007757384776,0.0025162008493497057,0.01271480690803507,4964920000.0,31174894000.0
2012-03-31,Commodity (ETF),49744692000.0,0.016919498807799055,0.0011281982436668748,0.01579130056413218,2676965000.0,47067727000.0
2012-03-31,Equity,2559270258000.0,0.8704761922953825,0.9653204436289766,-0.09484425133359409,2290491991000.0,268778267000.0
2012-03-31,Equity (ETF),205995916000.0,0.07006471474732368,0.005514515465111532,0.06455019928221215,13084726000.0,192911190000.0
2012-03-31,Fixed Income (ETF),51643178000.0,0.01756522461938159,0.0013440662276688617,0.016221158391712728,3189172000.0,48454006000.0
2012-03-31,Options,36178068000.0,0.012305127517815833,0.011461768677191349,0.0008433588406244839,27196243000.0,8981825000.0
2012-03-31,Preferred,37248594000.0,0.012669242012297332,0.015231007757384776,-0.0025617657450874437,36139814000.0,1108780000.0
2012-06-30,Commodity (ETF),49449718000.0,0.016609556215311867,0.016919498807799055,-0.00030994259248718833,49744692000.0,-294974000.0
2012-06-30,Equity,2594410490000.0,0.8714307911573894,0.8704761922953825,0.0009545988620068835,2559270258000.0,35140232000.0
2012-06-30,Equity (ETF),202843495000.0,0.06813265210355358,0.07006471474732368,-0.001932062643770091,205995916000.0,-3152421000.0
2012-06-30,Fixed Income (ETF),52902274000.0,0.017769227600465412,0.01756522461938159,0.00020400298108382356,51643178000.0,1259096000.0
2012-06-30,Options,41665597000.0,0.013994965059578892,0.012305127517815833,0.0016898375417630594,36178068000.0,5487529000.0
2012-06-30,Preferred,35913208000.0,0.012062807863700816,0.012669242012297332,-0.0006064341485965165,37248594000.0,-1335386000.0
2012-09-30,Commodity (ETF),49443201000.0,0.015258642969001798,0.016609556215311867,-0.0013509132463100683,49449718000.0,-6517000.0
2012-09-30,Equity,2834824362000.0,0.874853810933202,0.8714307911573894,0.003423019775812608,2594410490000.0,240413872000.0
2012-09-30,Equity (ETF),214292564000.0,0.06613272722751036,0.06813265210355358,-0.0019999248760432242,202843495000.0,11449069000.0
2012-09-30,Fixed Income (ETF),54390312000.0,0.016785368564236246,0.017769227600465412,-0.0009838590362291656,52902274000.0,1488038000.0
2012-09-30,Options,50282400000.0,0.015517627777063545,0.013994965059578892,0.0015226627174846526,41665597000.0,8616803000.0
2012-09-30,Preferred,37107806000.0,0.011451822528985993,0.012062807863700816,-0.0006109853347148232,35913208000.0,1194598000.0
2012-12-31,Commodity (ETF),48499070000.0,0.014505796437333742,0.015258642969001798,-0.0007528465316680565,49443201000.0,-944131000.0
2012-12-31,Equity,2924807367000.0,0.8747932750899364,0.874853810933202,-6.053584326559669e-05,2834824362000.0,89983005000.0
2012-12-31,Equity (ETF),223191558000.0,0.06675532761513503,0.06613272722751036,0.0006226003876246694,214292564000.0,8898994000.0
2012-12-31,Fixed Income (ETF),54969569000.0,0.01644108594581239,0.016785368564236246,-0.0003442826184238551,54390312000.0,579257000.0
2012-12-31,Options,55026768000.0,0.016458193841910582,0.015517627777063545,0.0009405660648470378,50282400000.0,4744368000.0
2012-12-31,Preferred,36932567000.0,0.01104632106987185,0.011451822528985993,-0.00040550145911414336,37107806000.0,-175239000.0
2013-03-31,Commodity (ETF),47995570000.0,0.012915066918813533,0.014505796437333742,-0.0015907295185202085,48499070000.0,-503500000.0
2013-03-31,Equity,3267150168000.0,0.8791532854705731,0.8747932750899364,0.004360010380636714,2924807367000.0,342342801000.0
2013-03-31,Equity (ETF),242080539000.0,0.06514114450411672,0.06675532761513503,-0.0016141831110183108,223191558000.0,18888981000.0
2013-03-31,Fixed Income (ETF),58328661000.0,0.01569558524046676,0.01644108594581239,-0.0007455007053456322,54969569000.0,3359092000.0
2013-03-31,Options,63317071000.0,0.01703791014604614,0.016458193841910582,0.000579716304135558,55026768000.0,8290303000.0
2013-03-31,Preferred,37374318000.0,0.010057007719983682,0.01104632106987185,-0.0009893133498881674,36932567000.0,441751000.0
2013-06-30,Commodity (ETF),50963642000.0,0.013082168930190851,0.012915066918813533,0.00016710201137731806,47995570000.0,2968072000.0
2013-06-30,Equity,3419405618000.0,0.8777481392620968,0.8791532854705731,-0.0014051462084763156,3267150168000.0,152255450000.0
2013-06-30,Equity (ETF),258095558000.0,0.06625212715150677,0.06514114450411672,0.0011109826473900547,242080539000.0,16015019000.0
2013-06-30,Fixed Income (ETF),60070394000.0,0.015419836792887033,0.01569558524046676,-0.000275748447579726,58328661000.0,1741733000.0
2013-06-30,Options,69158588000.0,0.01775274088907284,0.01703791014604614,0.0007148307430266988,63317071000.0,5841517000.0
2013-06-30,Preferred,37963126000.0,0.009744986974245688,0.010057007719983682,-0.0003120207457379936,37374318000.0,588808000.0
2013-09-30,Commodity (ETF),63325078000.0,0.015104883863394827,0.013082168930190851,0.002022714933203976,50963642000.0,12361436000.0
2013-09-30,Equity,3613469361000.0,0.8619181652147435,0.8777481392620968,-0.015829974047353312,3419405618000.0,194063743000.0
2013-09-30,Equity (ETF),327726256000.0,0.07817230064628111,0.06625212715150677,0.011920173494774339,258095558000.0,69630698000.0
2013-09-30,Fixed Income (ETF),73275654000.0,0.01747838737260304,0.015419836792887033,0.002058550579716007,60070394000.0,13205260000.0
2013-09-30,Options,75665784000.0,0.01804850330784778,0.01775274088907284,0.00029576241877493983,69158588000.0,6507196000.0
2013-09-30,Preferred,38895688000.0,0.00927775959512975,0.009744986974245688,-0.0004672273791159389,37963126000.0,932562000.0
2013-12-31,Commodity (ETF),66792354000.0,0.01416891554847268,0.015104883863394827,-0.000935968314922148,63325078000.0,3467276000.0
2013-12-31,Equity,4091372550000.0,0.8679183868604079,0.8619181652147435,0.006000221645664383,3613469361000.0,477903189000.0
2013-12-31,Equity (ETF),354685311000.0,0.07524074114595164,0.07817230064628111,-0.0029315595003294725,327726256000.0,26959055000.0
2013-12-31,Fixed Income (ETF),71995566000.0,0.015272692657583097,0.01747838737260304,-0.0022056947150199437,73275654000.0,-1280088000.0
2013-12-31,Options,89562871000.0,0.018999311739750224,0.01804850330784778,0.0009508084319024453,75665784000.0,13897087000.0
2013-12-31,Preferred,39597425000.0,0.008399952047834409,0.00927775959512975,-0.0008778075472953405,38895688000.0,701737000.0
2014-03-31,Commodity (ETF),69684438000.0,0.014217972445109273,0.01416891554847268,4.9056896636593544e-05,66792354000.0,2892084000.0
2014-03-31,Equity,4249920751000.0,0.8671269779289331,0.8679183868604079,-0.0007914089314747796,4091372550000.0,158548201000.0
2014-03-31,Equity (ETF),376309305000.0,0.07677977297209775,0.07524074114595164,0.0015390318261461061,354685311000.0,21623994000.0
2014-03-31,Fixed Income (ETF),74589115000.0,0.015218691751163822,0.015272692657583097,-5.4000906419274936e-05,71995566000.0,2593549000.0
2014-03-31,Options,91311853000.0,0.01863069355407399,0.018999311739750224,-0.0003686181856762359,89562871000.0,1748982000.0
2014-03-31,Preferred,39336110000.0,0.008025891348622017,0.008399952047834409,-0.0003740606992123918,39597425000.0,-261315000.0
2014-06-30,Commodity (ETF),72359784000.0,0.013648629949604791,0.014217972445109273,-0.0005693424955044817,69684438000.0,2675346000.0
2014-06-30,Equity,4615574888000.0,0.870597867608347,0.8671269779289331,0.003470889679413891,4249920751000.0,365654137000.0
2014-06-30,Equity (ETF),395029788000.0,0.0745112146200275,0.07677977297209775,-0.002268558352070252,376309305000.0,18720483000.0
2014-06-30,Fixed Income (ETF),75594408000.0,0.014258750427605535,0.015218691751163822,-0.0009599413235582867,74589115000.0,1005293000.0
2014-06-30,Options,102956467000.0,0.019419830205707877,0.01863069355407399,0.0007891366516338885,91311853000.0,11644614000.0
2014-06-30,Preferred,40099865000.0,0.007563707188707321,0.008025891348622017,-0.0004621841599146961,39336110000.0,763755000.0
2014-09-30,Commodity (ETF),67124352000.0,0.012246829363837142,0.013648629949604791,-0.0014018005857676496,72359784000.0,-5235432000.0
2014-09-30,Equity,4786367776000.0,0.8732721833238803,0.870597867608347,0.0026743157155333375,4615574888000.0,170792888000.0
2014-09-30,Equity (ETF),398246269000.0,0.07265998040812051,0.0745112146200275,-0.0018512342119069852,395029788000.0,3216481000.0
2014-09-30,Fixed Income (ETF),77289676000.0,0.014101491416382818,0.014258750427605535,-0.00015725901122271707,75594408000.0,1695268000.0
2014-09-30,Options,111305961000.0,0.020307758226774563,0.019419830205707877,0.0008879280210666862,102956467000.0,8349494000.0
2014-09-30,Preferred,40623527000.0,0.007411757261004634,0.007563707188707321,-0.00015194992770268655,40099865000.0,523662000.0
2014-12-31,Commodity (ETF),66041644000.0,0.011298390480786215,0.012246829363837142,-0.0009484388830509269,67124352000.0,-1082708000.0
2014-12-31,Equity,5118405027000.0,0.875655648939707,0.8732721833238803,0.0023834656158266965,4786367776000.0,332037251000.0
2014-12-31,Equity (ETF),415959923000.0,0.07116233560769274,0.07265998040812051,-0.001497644800427772,398246269000.0,17713654000.0
2014-12-31,Fixed Income (ETF),78006929000.0,0.013345408906673586,0.014101491416382818,-0.0007560825097092314,77289676000.0,717253000.0
2014-12-31,Options,126311310000.0,0.02160931218671111,0.020307758226774563,0.0013015539599365473,111305961000.0,15005349000.0
2014-12-31,Preferred,40501008000.0,0.006928903878429289,0.007411757261004634,-0.00048285338257534564,40623527000.0,-122519000.0
2015-03-31,Commodity (ETF),108865051000.0,0.01740949077370008,0.011298390480786215,0.0061111002929138646,66041644000.0,42823407000.0
2015-03-31,Equity,5210221286000.0,0.8332086245709174,0.875655648939707,-0.042447024368789665,5118405027000.0,91816259000.0
2015-03-31,Equity (ETF),619463569000.0,0.09906342935667042,0.07116233560769274,0.027901093748977687,415959923000.0,203503646000.0
2015-03-31,Fixed Income (ETF),138832836000.0,0.022201881643619643,0.013345408906673586,0.008856472736946057,78006929000.0,60825907000.0
2015-03-31,Options,134642877000.0,0.021531831412782188,0.02160931218671111,-7.748077392892225e-05,126311310000.0,8331567000.0
2015-03-31,Preferred,41175719000.0,0.006584742242310318,0.006928903878429289,-0.0003441616361189708,40501008000.0,674711000.0
2015-06-30,Commodity (ETF),108038979000.0,0.01679464360963119,0.01740949077370008,-0.0006148471640688886,108865051000.0,-826072000.0
2015-06-30,Debt,33801327000.0,0.0052544113777454726,,,,
2015-06-30,Equity,5353239751000.0,0.8321603425644721,0.8332086245709174,-0.0010482820064452447,5210221286000.0,143018465000.0
2015-06-30,Equity (ETF),613021334000.0,0.09529407742395166,0.09906342935667042,-0.0037693519327187675,619463569000.0,-6442235000.0
2015-06-30,Fixed Income (ETF),139330697000.0,0.021658936632458454,0.022201881643619643,-0.0005429450111611896,138832836000.0,497861000.0
2015-06-30,Options,145293663000.0,0.02258587883196173,0.021531831412782188,0.0010540474191795407,134642877000.0,10650786000.0
2015-06-30,Preferred,40216889000.0,0.006251709559779318,0.006584742242310318,-0.00033303268253100007,41175719000.0,-958830000.0
2015-09-30,Commodity (ETF),111983781000.0,0.018175132444184457,0.01679464360963119,0.001380488834553266,108038979000.0,3944802000.0
2015-09-30,Debt,34386089000.0,0.00558091284498167,0.0052544113777454726,0.0003265014672361975,33801327000.0,584762000.0
2015-09-30,Equity,5122086810000.0,0.831322226585297,0.8321603425644721,-0.000838115979175158,5353239751000.0,-231152941000.0
2015-09-30,Equity (ETF),572188820000.0,0.09286708748101317,0.09529407742395166,-0.0024269899429384817,613021334000.0,-40832514000.0
2015-09-30,Fixed Income (ETF),141478178000.0,0.02296211647927751,0.021658936632458454,0.0013031798468190574,139330697000.0,2147481000.0
2015-09-30,Options,139085008000.0,0.0225737014666477,0.02258587883196173,-1.217736531402766e-05,145293663000.0,-6208655000.0
2015-09-30,Preferred,40164902000.0,0.006518822698598552,0.006251709559779318,0.00026711313881923413,40216889000.0,-51987000.0
2015-12-31,Commodity (ETF),116875474000.0,0.017509667806077916,0.018175132444184457,-0.0006654646381065409,111983781000.0,4891693000.0
2015-12-31,Debt,35007222000.0,0.005244597579417069,0.00558091284498167,-0.0003363152655646009,34386089000.0,621133000.0
2015-12-31,Equity,5562555890000.0,0.8333528194858237,0.831322226585297,0.002030592900526762,5122086810000.0,440469080000.0
2015-12-31,Equity (ETF),630938570000.0,0.09452389272655988,0.09286708748101317,0.0016568052455467053,572188820000.0,58749750000.0
2015-12-31,Fixed Income (ETF),142534333000.0,0.02135374288869955,0.02296211647927751,-0.0016083735905779613,141478178000.0,1056155000.0
2015-12-31,Options,145774634000.0,0.021839187714375312,0.0225737014666477,-0.0007345137522723894,139085008000.0,6689626000.0
2015-12-31,Preferred,41224863000.0,0.006176091799046502,0.006518822698598552,-0.00034273089955205033,40164902000.0,1059961000.0
2016-03-31,Commodity (ETF),118934081000.0,0.017354732538149332,0.017509667806077916,-0.00015493526792858398,116875474000.0,2058607000.0
2016-03-31,Debt,35279080000.0,0.0051478852188043,0.005244597579417069,-9.671236061276935e-05,35007222000.0,271858000.0
2016-03-31,Equity,5710745124000.0,0.8333057554845061,0.8333528194858237,-4.706400131759825e-05,5562555890000.0,148189234000.0
2016-03-31,Equity (ETF),641822509000.0,0.09365404673752802,0.09452389272655988,-0.0008698459890318644,630938570000.0,10883939000.0
2016-03-31,Fixed Income (ETF),146931796000.0,0.02144012884691916,0.02135374288869955,8.638595821960915e-05,142534333000.0,4397463000.0
2016-03-31,Options,158217025000.0,0.02308685726387112,0.021839187714375312,0.0012476695494958098,145774634000.0,12442391000.0
2016-03-31,Preferred,41191327000.0,0.006010593910221992,0.006176091799046502,-0.00016549788882450935,41224863000.0,-33536000.0
2016-06-30,Commodity (ETF),120290709000.0,0.01699133735014967,0.017354732538149332,-0.00036339518799966344,118934081000.0,1356628000.0
2016-06-30,Debt,37362110000.0,0.00527748336011055,0.0051478852188043,0.00012959814130625042,35279080000.0,2083030000.0
2016-06-30,Equity,5894323365000.0,0.8325866359768846,0.8333057554845061,-0.0007191195076214907,5710745124000.0,183578241000.0
2016-06-30,Equity (ETF),685334097000.0,0.09680500627598092,0.09365404673752802,0.003150959538452902,641822509000.0,43511588000.0
2016-06-30,Fixed Income (ETF),134724069000.0,0.019030082411134852,0.02144012884691916,-0.002410046435784307,146931796000.0,-12207727000.0
2016-06-30,Options,166744180000.0,0.023552996213149588,0.02308685726387112,0.0004661389492784662,158217025000.0,8527155000.0
2016-06-30,Preferred,40753029000.0,0.005756458412589724,0.006010593910221992,-0.0002541354976322678,41191327000.0,-438298000.0
2016-09-30,Commodity (ETF),119091791000.0,0.016254917710364497,0.01699133735014967,-0.0007364196397851713,120290709000.0,-1198918000.0
2016-09-30,Debt,38316449000.0,0.005229837591815023,0.00527748336011055,-4.764576829552683e-05,37362110000.0,954339000.0
2016-09-30,Equity,6117764222000.0,0.8350177049568605,0.8325866359768846,0.0024310689799758034,5894323365000.0,223440857000.0
2016-09-30,Equity (ETF),700229645000.0,0.09557480966788673,0.09680500627598092,-0.001230196608094189,685334097000.0,14895548000.0
2016-09-30,Fixed Income (ETF),135627393000.0,0.018511873018067768,0.019030082411134852,-0.0005182093930670845,134724069000.0,903324000.0
2016-09-30,Options,175287413000.0,0.02392509550870451,0.023552996213149588,0.00037209929555492155,166744180000.0,8543233000.0
2016-09-30,Preferred,40191478000.0,0.00548576154630108,0.005756458412589724,-0.0002706968662886441,40753029000.0,-561551000.0
2016-12-31,Commodity (ETF),128271204000.0,0.0167073705794947,0.016254917710364497,0.0004524528691302043,119091791000.0,9179413000.0
2016-12-31,Debt,40632455000.0,0.005292391917048212,0.005229837591815023,6.255432523318873e-05,38316449000.0,2316006000.0
2016-12-31,Equity,6421472964000.0,0.8363991693393182,0.8350177049568605,0.0013814643824577866,6117764222000.0,303708742000.0
2016-12-31,Equity (ETF),730609695000.0,0.09516217625381139,0.09557480966788673,-0.00041263341407533904,700229645000.0,30380050000.0
2016-12-31,Fixed Income (ETF),136546533000.0,0.017785235166079848,0.018511873018067768,-0.0007266378519879199,135627393000.0,919140000.0
2016-12-31,Options,179679691000.0,0.023403344550707566,0.02392509550870451,-0.0005217509579969436,175287413000.0,4392278000.0
2016-12-31,Preferred,40309387000.0,0.005250312193540073,0.00548576154630108,-0.00023544935276100746,40191478000.0,117909000.0
2017-03-31,Commodity (ETF),130129003000.0,0.015564381581328014,0.0167073705794947,-0.0011429889981666875,128271204000.0,1857799000.0
2017-03-31,Debt,41494530000.0,0.004963049616678172,0.005292391917048212,-0.0003293423003700403,40632455000.0,862075000.0
2017-03-31,Equity,7020724256000.0,0.8397300277300151,0.8363991693393182,0.0033308583906969114,6421472964000.0,599251292000.0
2017-03-31,Equity (ETF),775700233000.0,0.09277942765101373,0.09516217625381139,-0.002382748602797663,730609695000.0,45090538000.0
2017-03-31,Fixed Income (ETF),167202693000.0,0.019998666364005283,0.017785235166079848,0.002213431197925435,136546533000.0,30656160000.0
2017-03-31,Options,183574905000.0,0.0219569027988022,0.023403344550707566,-0.0014464417519053675,179679691000.0,3895214000.0
2017-03-31,Preferred,41866536000.0,0.00500754425815747,0.005250312193540073,-0.0002427679353826026,40309387000.0,1557149000.0
2017-06-30,Commodity (ETF),129216256000.0,0.014942071000280211,0.015564381581328014,-0.0006223105810478028,130129003000.0,-912747000.0
2017-06-30,Debt,42326124000.0,0.004894430233102129,0.004963049616678172,-6.861938357604312e-05,41494530000.0,831594000.0
2017-06-30,Equity,7279164587000.0,0.8417346040553859,0.8397300277300151,0.002004576325370766,7020724256000.0,258440331000.0
2017-06-30,Equity (ETF),799828343000.0,0.09248907420086892,0.09277942765101373,-0.0002903534501448035,775700233000.0,24128110000.0
2017-06-30,Fixed Income (ETF),166543793000.0,0.019258483852542287,0.019998666364005283,-0.0007401825114629959,167202693000.0,-658900000.0
2017-06-30,Options,189002343000.0,0.021855504220191255,0.0219569027988022,-0.00010139857861094295,183574905000.0,5427438000.0
2017-06-30,Preferred,41732903000.0,0.004825832437629264,0.00500754425815747,-0.00018171182052820634,41866536000.0,-133633000.0
2017-09-30,Commodity (ETF),135909708000.0,0.01491395486251434,0.014942071000280211,-2.8116137765871532e-05,129216256000.0,6693452000.0
2017-09-30,Debt,43930186000.0,0.004820647625156102,0.004894430233102129,-7.378260794602652e-05,42326124000.0,1604062000.0
2017-09-30,Equity,7665042884000.0,0.8411180133740905,0.8417346040553859,-0.0006165906812953814,7279164587000.0,385878297000.0
2017-09-30,Equity (ETF),838632169000.0,0.09202670286598288,0.09248907420086892,-0.00046237133488603865,799828343000.0,38803826000.0
2017-09-30,Fixed Income (ETF),166115579000.0,0.018228574570746888,0.019258483852542287,-0.0010299092817953985,166543793000.0,-428214000.0
2017-09-30,Options,221225644000.0,0.02427603824332156,0.021855504220191255,0.002420534023130305,189002343000.0,32223301000.0
2017-09-30,Preferred,42065872000.0,0.004616068458187739,0.004825832437629264,-0.00020976397944152524,41732903000.0,332969000.0
2017-12-31,Commodity (ETF),139130378000.0,0.014148178102133827,0.01491395486251434,-0.000765776760380513,135909708000.0,3220670000.0
2017-12-31,Debt,45611856000.0,0.0046382729029664635,0.004820647625156102,-0.00018237472218963872,43930186000.0,1681670000.0
2017-12-31,Equity,8304595349000.0,0.8444948957430721,0.8411180133740905,0.003376882368981593,7665042884000.0,639552465000.0
2017-12-31,Equity (ETF),900907372000.0,0.09161333517387076,0.09202670286598288,-0.0004133676921121293,838632169000.0,62275203000.0
2017-12-31,Fixed Income (ETF),160657372000.0,0.01633725966357087,0.018228574570746888,-0.0018913149071760164,166115579000.0,-5458207000.0
2017-12-31,Options,241351610000.0,0.024543062504413977,0.02427603824332156,0.00026702426109241617,221225644000.0,20125966000.0
2017-12-31,Preferred,41547772000.0,0.0042249959099719325,0.004616068458187739,-0.0003910725482158062,42065872000.0,-518100000.0
2018-03-31,Commodity (ETF),135295985000.0,0.013727202314467524,0.014148178102133827,-0.0004209757876663025,139130378000.0,-3834393000.0
2018-03-31,Debt,44840389000.0,0.004549529623236227,0.0046382729029664635,-8.874327973023687e-05,45611856000.0,-771467000.0
2018-03-31,Equity,8345691217000.0,0.8467582522115027,0.8444948957430721,0.0022633564684305663,8304595349000.0,41095868000.0
2018-03-31,Equity (ETF),889913211000.0,0.09029106584141744,0.09161333517387076,-0.0013222693324533158,900907372000.0,-10994161000.0
2018-03-31,Fixed Income (ETF),156018435000.0,0.015829713069693836,0.01633725966357087,-0.0005075465938770354,160657372000.0,-4638937000.0
2018-03-31,Options,242975282000.0,0.024652400833837008,0.024543062504413977,0.00010933832942303101,241351610000.0,1623672000.0
2018-03-31,Preferred,41314944000.0,0.004191836105845241,0.0042249959099719325,-3.315980412669107e-05,41547772000.0,-232828000.0
2018-06-30,Commodity (ETF),135177321000.0,0.013336846683684688,0.013727202314467524,-0.0003903556307828359,135295985000.0,-118664000.0
2018-06-30,Debt,45646461000.0,0.004503565002666331,0.004549529623236227,-4.596462056989572e-05,44840389000.0,806072000.0
2018-06-30,Equity,8587556271000.0,0.8472643230874652,0.8467582522115027,0.0005060708759625498,8345691217000.0,241865054000.0
2018-06-30,Equity (ETF),921677117000.0,0.0909343838918772,0.09029106584141744,0.0006433180504597652,889913211000.0,31763906000.0
2018-06-30,Fixed Income (ETF),161187151000.0,0.015903025036773242,0.015829713069693836,7.331196707940565e-05,156018435000.0,5168716000.0
2018-06-30,Options,242798321000.0,0.023954935327006967,0.024652400833837008,-0.000697465506830041,242975282000.0,-176961000.0
2018-06-30,Preferred,41585682000.0,0.004102920970526306,0.004191836105845241,-8.891513531893505e-05,41314944000.0,270738000.0
2018-09-30,Commodity (ETF),131613783000.0,0.011932878836869434,0.013336846683684688,-0.001403967846815254,135177321000.0,-3563538000.0
2018-09-30,Debt,47050455000.0,0.004265870685706053,0.004503565002666331,-0.00023769431696027757,45646461000.0,1403994000.0
2018-09-30,Equity,9417018403000.0,0.853802216197742,0.8472643230874652,0.006537893110276749,8587556271000.0,829462132000.0
2018-09-30,Equity (ETF),992099132000.0,0.08994953618436251,0.0909343838918772,-0.0009848477075146966,921677117000.0,70422015000.0
2018-09-30,Fixed Income (ETF),154070472000.0,0.013968934201331214,0.015903025036773242,-0.0019340908354420275,161187151000.0,-7116679000.0
2018-09-30,Options,245844237000.0,0.02228968293437484,0.023954935327006967,-0.0016652523926321272,242798321000.0,3045916000.0
2018-09-30,Preferred,41811552000.0,0.003790880959613978,0.004102920970526306,-0.0003120400109123283,41585682000.0,225870000.0
2018-12-31,Commodity (ETF),132630563000.0,0.013768309568822188,0.011932878836869434,0.0018354307319527544,131613783000.0,1016780000.0
2018-12-31,Debt,49744040000.0,0.005163902847369152,0.004265870685706053,0.0008980321616630987,47050455000.0,2693585000.0
2018-12-31,Equity,8164321801000.0,0.8475339878912518,0.853802216197742,-0.006268228306490209,9417018403000.0,-1252696602000.0
2018-12-31,Equity (ETF),874956351000.0,0.09082876244576482,0.08994953618436251,0.0008792262614023133,992099132000.0,-117142781000.0
2018-12-31,Fixed Income (ETF),154806133000.0,0.016070343924395922,0.013968934201331214,0.0021014097230647073,154070472000.0,735661000.0
2018-12-31,Options,213785471000.0,0.02219295824028477,0.02228968293437484,-9.672469409006956e-05,245844237000.0,-32058766000.0
2018-12-31,Preferred,42787375000.0,0.004441735082111378,0.003790880959613978,0.0006508541224974,41811552000.0,975823000.0
2019-03-31,Commodity (ETF),136991885000.0,0.01227075047851645,0.013768309568822188,-0.0014975590903057376,132630563000.0,4361322000.0
2019-03-31,Debt,52978203000.0,0.004745407436456486,0.005163902847369152,-0.00041849541091266637,49744040000.0,3234163000.0
2019-03-31,Equity,9529419184000.0,0.85357702036184,0.8475339878912518,0.006043032470588239,8164321801000.0,1365097383000.0
2019-03-31,Equity (ETF),993208920000.0,0.0889645312228298,0.09082876244576482,-0.0018642312229350255,874956351000.0,118252569000.0
2019-03-31,Fixed Income (ETF),160684593000.0,0.014392973324259107,0.016070343924395922,-0.0016773706001368145,154806133000.0,5878460000.0
2019-03-31,Options,247194919000.0,0.02214194782855996,0.02219295824028477,-5.101041172481113e-05,213785471000.0,33409448000.0
2019-03-31,Preferred,43622262000.0,0.003907369347538141,0.004441735082111378,-0.0005343657345732375,42787375000.0,834887000.0
2019-06-30,Commodity (ETF),137493526000.0,0.01160580627860432,0.01227075047851645,-0.0006649441999121309,136991885000.0,501641000.0
2019-06-30,Debt,50738265000.0,0.004282808737500047,0.004745407436456486,-0.00046259869895643856,52978203000.0,-2239938000.0
2019-06-30,Equity,10170805062000.0,0.8585160093066506,0.85357702036184,0.004938988944810596,9529419184000.0,641385878000.0
2019-06-30,Equity (ETF),1033452494000.0,0.08723355777132731,0.0889645312228298,-0.001730973451502485,993208920000.0,40243574000.0
2019-06-30,Fixed Income (ETF),157306323000.0,0.01327820126700045,0.014392973324259107,-0.0011147720572586579,160684593000.0,-3378270000.0
2019-06-30,Options,253892644000.0,0.02143103699171008,0.02214194782855996,-0.0007109108368498797,247194919000.0,6697725000.0
2019-06-30,Preferred,43271966000.0,0.0036525796472071906,0.003907369347538141,-0.00025478970033095,43622262000.0,-350296000.0
2019-09-30,Commodity (ETF),140134405000.0,0.011556381781274059,0.01160580627860432,-4.9424497330261344e-05,137493526000.0,2640879000.0
2019-09-30,Debt,52523719000.0,0.004331442726975992,0.004282808737500047,4.863398947594494e-05,50738265000.0,1785454000.0
2019-09-30,Equity,10404088072000.0,0.8579878285138581,0.8585160093066506,-0.0005281807927924875,10170805062000.0,233283010000.0
2019-09-30,Equity (ETF),1062451987000.0,0.08761660483052126,0.08723355777132731,0.00038304705919395277,1033452494000.0,28999493000.0
2019-09-30,Fixed Income (ETF),163042984000.0,0.013445570128635847,0.01327820126700045,0.00016736886163539778,157306323000.0,5736661000.0
2019-09-30,Options,261203584000.0,0.021540522752717922,0.02143103699171008,0.00010948576100784299,253892644000.0,7310940000.0
2019-09-30,Preferred,42704043000.0,0.0035216492660167503,0.0036525796472071906,-0.00013093038119044035,43271966000.0,-567923000.0
2019-12-31,Commodity (ETF),139066788000.0,0.01049168081608035,0.011556381781274059,-0.001064700965193708,140134405000.0,-1067617000.0
2019-12-31,Debt,56369311000.0,0.004252696329150617,0.004331442726975992,-7.874639782537527e-05,52523719000.0,3845592000.0
2019-12-31,Equity,11422329181000.0,0.8617401298090848,0.8579878285138581,0.0037523012952266344,10404088072000.0,1018241109000.0
2019-12-31,Equity (ETF),1160527146000.0,0.08755419298408387,0.08761660483052126,-6.241184643739073e-05,1062451987000.0,98075159000.0
2019-12-31,Fixed Income (ETF),159995489000.0,0.012070614607138944,0.013445570128635847,-0.0013749555214969036,163042984000.0,-3047495000.0
2019-12-31,Options,271506815000.0,0.020483415798533987,0.021540522752717922,-0.0010571069541839354,261203584000.0,10303231000.0
2019-12-31,Preferred,45163216000.0,0.003407269655927432,0.0035216492660167503,-0.00011437961008931843,42704043000.0,2459173000.0
2020-03-31,Commodity (ETF),137342535000.0,0.012873022133000634,0.01049168081608035,0.0023813413169202838,139066788000.0,-1724253000.0
2020-03-31,Debt,57976786000.0,0.005434124609526403,0.004252696329150617,0.001181428280375786,56369311000.0,1607475000.0
2020-03-31,Equity,9107519171000.0,0.8536415602421391,0.8617401298090848,-0.008098569566945657,11422329181000.0,-2314810010000.0
2020-03-31,Equity (ETF),942926268000.0,0.08837983599000622,0.08755419298408387,0.0008256430059223469,1160527146000.0,-217600878000.0
2020-03-31,Fixed Income (ETF),158276422000.0,0.014835141083846665,0.012070614607138944,0.0027645264767077217,159995489000.0,-1719067000.0
2020-03-31,Options,221022178000.0,0.02071625799886398,0.020483415798533987,0.00023284220032999264,271506815000.0,-50484637000.0
2020-03-31,Preferred,43956982000.0,0.004120057942617052,0.003407269655927432,0.0007127882866896202,45163216000.0,-1206234000.0
2020-06-30,Commodity (ETF),133555249000.0,0.010263121725656653,0.012873022133000634,-0.0026099004073439815,137342535000.0,-3787286000.0
2020-06-30,Debt,60295857000.0,0.00463346610917394,0.005434124609526403,-0.0008006585003524627,57976786000.0,2319071000.0
2020-06-30,Equity,11148111712000.0,0.8566823720382161,0.8536415602421391,0.0030408117960769587,9107519171000.0,2040592541000.0
2020-06-30,Equity (ETF),1177388903000.0,0.09047705515435303,0.08837983599000622,0.0020972191643468113,942926268000.0,234462635000.0
2020-06-30,Fixed Income (ETF),166008753000.0,0.012757027914069248,0.014835141083846665,-0.0020781131697774173,158276422000.0,7732331000.0
2020-06-30,Options,279599432000.0,0.021485962000942844,0.02071625799886398,0.0007697040020788644,221022178000.0,58577254000.0
2020-06-30,Preferred,48161498000.0,0.00370099505758826,0.004120057942617052,-0.000419062885028792,43956982000.0,4204516000.0
2020-09-30,Commodity (ETF),145446299000.0,0.010264443996942976,0.010263121725656653,1.3222712863230485e-06,133555249000.0,11891050000.0
2020-09-30,Debt,61420854000.0,0.004334595795575458,0.00463346610917394,-0.00029887031359848194,60295857000.0,1124997000.0
2020-09-30,Equity,12220051681000.0,0.8623941412175319,0.8566823720382161,0.005711769179315818,11148111712000.0,1071939969000.0
2020-09-30,Equity (ETF),1236494236000.0,0.08726193739700995,0.09047705515435303,-0.0032151177573430806,1177388903000.0,59105333000.0
2020-09-30,Fixed Income (ETF),171505478000.0,0.012103493771951775,0.012757027914069248,-0.0006535341421174731,166008753000.0,5496725000.0
2020-09-30,Options,291144416000.0,0.02054665930725861,0.021485962000942844,-0.0009393026936842346,279599432000.0,11544984000.0
2020-09-30,Preferred,42551114000.0,0.003002919494435099,0.00370099505758826,-0.0006980755631531611,48161498000.0,-5610384000.0
2020-09-30,Warrants/Rights,1300926000.0,9.180901929424163e-05,,,,
2020-12-31,Commodity (ETF),148818306000.0,0.009426715049511668,0.010264443996942976,-0.0008377289474313081,145446299000.0,3372007000.0
2020-12-31,Debt,64085319000.0,0.004059406784740958,0.004334595795575458,-0.0002751890108345003,61420854000.0,2664465000.0
2020-12-31,Equity,13615143006000.0,0.8624347160349596,0.8623941412175319,4.057481742769653e-05,12220051681000.0,1395091325000.0
2020-12-31,Equity (ETF),1416747532000.0,0.08974215363843016,0.08726193739700995,0.0024802162414202106,1236494236000.0,180253296000.0
2020-12-31,Fixed Income (ETF),175348874000.0,0.011107261692998475,0.012103493771951775,-0.0009962320789533002,171505478000.0,3843396000.0
2020-12-31,Options,322093104000.0,0.020402596914526942,0.02054665930725861,-0.000144062392731667,291144416000.0,30948688000.0
2020-12-31,Preferred,44049378000.0,0.0027902544093885073,0.003002919494435099,-0.00021266508504659163,42551114000.0,1498264000.0
2020-12-31,Warrants/Rights,582464000.0,3.6895475443718356e-05,9.180901929424163e-05,-5.491354385052328e-05,1300926000.0,-718462000.0
2021-03-31,Commodity (ETF),147458727000.0,0.008592022998291817,0.009426715049511668,-0.000834692051219851,148818306000.0,-1359579000.0
2021-03-31,Debt,66414259000.0,0.0038697800554219437,0.004059406784740958,-0.00018962672931901407,64085319000.0,2328940000.0
2021-03-31,Equity,14888391280000.0,0.8675064737628403,0.8624347160349596,0.00507175772788071,13615143006000.0,1273248274000.0
2021-03-31,Equity (ETF),1513267626000.0,0.0881740301824419,0.08974215363843016,-0.0015681234559882656,1416747532000.0,96520094000.0
2021-03-31,Fixed Income (ETF),177728859000.0,0.010355782089371783,0.011107261692998475,-0.0007514796036266914,175348874000.0,2379985000.0
2021-03-31,Options,323816774000.0,0.018867931563254735,0.020402596914526942,-0.0015346653512722068,322093104000.0,1723670000.0
2021-03-31,Preferred,44665170000.0,0.00260251919754206,0.0027902544093885073,-0.00018773521184644714,44049378000.0,615792000.0
2021-03-31,Warrants/Rights,539928000.0,3.14601508354382e-05,3.6895475443718356e-05,-5.435324608280154e-06,582464000.0,-42536000.0
2021-06-30,Commodity (ETF),150247937000.0,0.00795973022665325,0.008592022998291817,-0.0006322927716385669,147458727000.0,2789210000.0
2021-06-30,Debt,69495195000.0,0.0036816678837238333,0.0038697800554219437,-0.00018811217169811042,66414259000.0,3080936000.0
2021-06-30,Equity,16405573121000.0,0.8691229900667042,0.8675064737628403,0.0016165163038639463,14888391280000.0,1517181841000.0
2021-06-30,Equity (ETF),1690008289000.0,0.08953207830898764,0.0881740301824419,0.0013580481265457467,1513267626000.0,176740663000.0
2021-06-30,Fixed Income (ETF),171435679000.0,0.009082199618242505,0.010355782089371783,-0.0012735824711292785,177728859000.0,-6293180000.0
2021-06-30,Options,354380483000.0,0.018774121619194534,0.018867931563254735,-9.38099440602018e-05,323816774000.0,30563709000.0
2021-06-30,Preferred,34867995000.0,0.0018472122764939822,0.00260251919754206,-0.0007553069210480779,44665170000.0,-9797175000.0
2021-09-30,Commodity (ETF),157173070000.0,0.008184407298249124,0.00795973022665325,0.00022467707159587458,150247937000.0,6925133000.0
2021-09-30,Debt,67448784000.0,0.003512232216547204,0.0036816678837238333,-0.00016943566717662938,69495195000.0,-2046411000.0
2021-09-30,Equity,16743874813000.0,0.8718967646333237,0.8691229900667042,0.0027737745666194247,16405573121000.0,338301692000.0
2021-09-30,Equity (ETF),1667886831000.0,0.08685117082901037,0.08953207830898764,-0.0026809074799772764,1690008289000.0,-22121458000.0
2021-09-30,Fixed Income (ETF),167165518000.0,0.008704739848466378,0.009082199618242505,-0.00037745976977612665,171435679000.0,-4270161000.0
2021-09-30,Options,364519500000.0,0.018981470910723587,0.018774121619194534,0.0002073492915290534,354380483000.0,10139017000.0
2021-09-30,Preferred,35896325000.0,0.0018692142636796655,0.0018472122764939822,2.200198718568325e-05,34867995000.0,1028330000.0
2021-12-31,Commodity (ETF),158875478000.0,0.007345508344993274,0.008184407298249124,-0.0008388989532558504,157173070000.0,1702408000.0
2021-12-31,Debt,70350977000.0,0.00325263341540933,0.003512232216547204,-0.0002595988011378737,67448784000.0,2902193000.0
2021-12-31,Equity,18985351195000.0,0.877775836718493,0.8718967646333237,0.005879072085169357,16743874813000.0,2241476382000.0
2021-12-31,Equity (ETF),1808314902000.0,0.08360630835059829,0.08685117082901037,-0.003244862478412075,1667886831000.0,140428071000.0
2021-12-31,Fixed Income (ETF),169064038000.0,0.007816570043410097,0.008704739848466378,-0.0008881698050562815,167165518000.0,1898520000.0
2021-12-31,Options,400682072000.0,0.01852528496288896,0.018981470910723587,-0.00045618594783462807,364519500000.0,36162572000.0
2021-12-31,Preferred,36290275000.0,0.0016778581642070702,0.0018692142636796655,-0.00019135609947259526,35896325000.0,393950000.0
2022-03-31,Commodity (ETF),163967277000.0,0.007717271960201612,0.007345508344993274,0.00037176361520833805,158875478000.0,5091799000.0
2022-03-31,Debt,107305103000.0,0.005050414190682973,0.00325263341540933,0.0017977807752736432,70350977000.0,36954126000.0
2022-03-31,Equity,18658129164000.0,0.8781621532152245,0.877775836718493,0.00038631649673148694,18985351195000.0,-327222031000.0
2022-03-31,Equity (ETF),1721900272000.0,0.08104283324391079,0.08360630835059829,-0.0025634751066875017,1808314902000.0,-86414630000.0
2022-03-31,Fixed Income (ETF),170519855000.0,0.008025675120830023,0.007816570043410097,0.00020910507741992573,169064038000.0,1455817000.0
2022-03-31,Options,385807359000.0,0.018158381160712556,0.01852528496288896,-0.00036690380217640345,400682072000.0,-14874713000.0
2022-03-31,Preferred,39163599000.0,0.0018432711084375689,0.0016778581642070702,0.00016541294423049867,36290275000.0,2873324000.0
2022-06-30,Commodity (ETF),163751631000.0,0.009118556151735496,0.007717271960201612,0.0014012841915338834,163967277000.0,-215646000.0
2022-06-30,Debt,107010941000.0,0.005958934689075274,0.005050414190682973,0.0009085204983923009,107305103000.0,-294162000.0
2022-06-30,Equity,15702775456000.0,0.8744135179553109,0.8781621532152245,-0.0037486352599136463,18658129164000.0,-2955353708000.0
2022-06-30,Equity (ETF),1441187849000.0,0.08025295532052072,0.08104283324391079,-0.0007898779233900671,1721900272000.0,-280712423000.0
2022-06-30,Fixed Income (ETF),177172552000.0,0.009865903955230081,0.008025675120830023,0.0018402288344000588,170519855000.0,6652697000.0
2022-06-30,Options,330679270000.0,0.018413969212373236,0.018158381160712556,0.00025558805166068024,385807359000.0,-55128089000.0
2022-06-30,Preferred,33952902000.0,0.0018906770058453488,0.0018432711084375689,4.740589740777996e-05,39163599000.0,-5210697000.0
2022-06-30,Warrants/Rights,1535158000.0,8.548570990896547e-05,3.14601508354382e-05,5.402555907352727e-05,539928000.0,995230000.0
2022-09-30,Commodity (ETF),162074011000.0,0.009534066968197162,0.009118556151735496,0.0004155108164616665,163751631000.0,-1677620000.0
2022-09-30,Debt,109251735000.0,0.006426775961518777,0.005958934689075274,0.00046784127244350274,107010941000.0,2240794000.0
2022-09-30,Equity,14840073343000.0,0.8729731077311312,0.8744135179553109,-0.0014404102241796224,15702775456000.0,-862702113000.0
2022-09-30,Equity (ETF),1373293533000.0,0.08078452819072936,0.08025295532052072,0.0005315728702086353,1441187849000.0,-67894316000.0
2022-09-30,Fixed Income (ETF),172799210000.0,0.010164980986319669,0.009865903955230081,0.0002990770310895875,177172552000.0,-4373342000.0
2022-09-30,Options,311585217000.0,0.018329122027949594,0.018413969212373236,-8.484718442364203e-05,330679270000.0,-19094053000.0
2022-09-30,Preferred,29104065000.0,0.0017120579853901632,0.0018906770058453488,-0.0001786190204551856,33952902000.0,-4848837000.0
2022-09-30,Warrants/Rights,1281082000.0,7.536014876408506e-05,8.548570990896547e-05,-1.0125561144880415e-05,1535158000.0,-254076000.0
2022-12-31,Commodity (ETF),166409005562.0,0.009077050404962287,0.009534066968197162,-0.00045701656323487473,162074011000.0,4334994562.0
2022-12-31,Debt,110918096087.0,0.0060502083141710525,0.006426775961518777,-0.00037656764734772443,109251735000.0,1666361087.0
2022-12-31,Equity,16052437808356.0,0.8756063808979506,0.8729731077311312,0.002633273166819383,14840073343000.0,1212364465356.0
2022-12-31,Equity (ETF),1455989411107.0,0.07941931525325772,0.08078452819072936,-0.0013652129374716326,1373293533000.0,82695878107.0
2022-12-31,Fixed Income (ETF),183327009109.0,0.009999870479686158,0.010164980986319669,-0.00016511050663351075,172799210000.0,10527799109.0
2022-12-31,Options,332224540831.0,0.018121729005614973,0.018329122027949594,-0.00020739302233462042,311585217000.0,20639323831.0
2022-12-31,Preferred,29914065470.0,0.0016317114519824817,0.0017120579853901632,-8.034653340768154e-05,29104065000.0,810000470.0
2022-12-31,Warrants/Rights,1718423171.0,9.373419237464651e-05,7.536014876408506e-05,1.837404361056145e-05,1281082000.0,437341171.0
2023-03-31,Commodity (ETF),172141906265.0,0.00871040708001742,0.009077050404962287,-0.0003666433249448677,166409005562.0,5732900703.0
2023-03-31,Debt,112169819159.0,0.005675810197330669,0.0060502083141710525,-0.00037439811684038347,110918096087.0,1251723072.0
2023-03-31,Equity,17356653093004.0,0.8782493308397098,0.8756063808979506,0.002642949941759176,16052437808356.0,1304215284648.0
2023-03-31,Equity (ETF),1535766146813.0,0.07771000454623685,0.07941931525325772,-0.001709310707020878,1455989411107.0,79776735706.0
2023-03-31,Fixed Income (ETF),184173962434.0,0.009319230983014558,0.009999870479686158,-0.0006806394966715999,183327009109.0,846953325.0
2023-03-31,Options,369251853055.0,0.01868420087209044,0.018121729005614973,0.0005624718664754662,332224540831.0,37027312224.0
2023-03-31,Preferred,30292243160.0,0.0015327921888135905,0.0016317114519824817,-9.891926316889124e-05,29914065470.0,378177690.0
2023-03-31,Warrants/Rights,2336421570.0,0.00011822329278673284,9.373419237464651e-05,2.4489100412086336e-05,1718423171.0,617998399.0
2023-06-30,Commodity (ETF),172298600733.0,0.007803212085913181,0.00871040708001742,-0.0009071949941042382,172141906265.0,156694468.0
2023-06-30,Debt,115654161268.0,0.005237848393157384,0.005675810197330669,-0.000437961804173285,112169819159.0,3484342109.0
2023-06-30,Equity,19516079273604.0,0.8838615346239376,0.8782493308397098,0.005612203784227776,17356653093004.0,2159426180600.0
2023-06-30,Equity (ETF),1659740483918.0,0.07516780141272379,0.07771000454623685,-0.0025422031335130546,1535766146813.0,123974337105.0
2023-06-30,Fixed Income (ETF),179502477851.0,0.00812946767216557,0.009319230983014558,-0.0011897633108489888,184173962434.0,-4671484583.0
2023-06-30,Options,403664018813.0,0.01828149466594361,0.01868420087209044,-0.000402706206146828,369251853055.0,34412165758.0
2023-06-30,Preferred,31246502121.0,0.0014151193448804376,0.0015327921888135905,-0.00011767284393315283,30292243160.0,954258961.0
2023-06-30,Warrants/Rights,2285810165.0,0.00010352180127841854,0.00011822329278673284,-1.4701491508314308e-05,2336421570.0,-50611405.0
2023-09-30,Commodity (ETF),174655481198.0,0.00822537510333663,0.007803212085913181,0.0004221630174234478,172298600733.0,2356880465.0
2023-09-30,Debt,117889873758.0,0.005552006876012406,0.005237848393157384,0.00031415848285502174,115654161268.0,2235712490.0
2023-09-30,Equity,18763184598874.0,0.8836495161805136,0.8838615346239376,-0.00021201844342400022,19516079273604.0,-752894674730.0
2023-09-30,Equity (ETF),1572986089479.0,0.07407955667665338,0.07516780141272379,-0.001088244736070415,1659740483918.0,-86754394439.0
2023-09-30,Fixed Income (ETF),170351133911.0,0.008022662478643978,0.00812946767216557,-0.00010680519352159086,179502477851.0,-9151343940.0
2023-09-30,Options,401585414232.0,0.018912608098123892,0.01828149466594361,0.0006311134321802803,403664018813.0,-2078604581.0
2023-09-30,Preferred,31809025911.0,0.001498041561564947,0.0014151193448804376,8.292221668450934e-05,31246502121.0,562523790.0
2023-09-30,Warrants/Rights,1278972431.0,6.023302515124152e-05,0.00010352180127841854,-4.3288776127177015e-05,2285810165.0,-1006837734.0
2023-12-31,Commodity (ETF),180571213910.0,0.007625234139479537,0.00822537510333663,-0.0006001409638570921,174655481198.0,5915732712.0
2023-12-31,Debt,124150495813.0,0.005242677271796156,0.005552006876012406,-0.00030932960421624963,117889873758.0,6260622055.0
2023-12-31,Equity,20946135813685.0,0.8845218816344272,0.8836495161805136,0.0008723654539136705,18763184598874.0,2182951214811.0
2023-12-31,Equity (ETF),1747271223253.0,0.07378447480072627,0.07407955667665338,-0.0002950818759271112,1572986089479.0,174285133774.0
2023-12-31,Fixed Income (ETF),173379804145.0,0.007321552383879246,0.008022662478643978,-0.0007011100947647321,170351133911.0,3028670234.0
2023-12-31,Options,475780075056.0,0.02009143313955555,0.018912608098123892,0.0011788250414316581,401585414232.0,74194660824.0
2023-12-31,Preferred,32147421468.0,0.0013575342955616894,0.001498041561564947,-0.00014050726600325762,31809025911.0,338395557.0
2023-12-31,Warrants/Rights,1307469134.0,5.5212334574333956e-05,6.023302515124152e-05,-5.020690576907564e-06,1278972431.0,28496703.0
2024-03-31,Commodity (ETF),180965925426.0,0.006784820830956703,0.007625234139479537,-0.0008404133085228339,180571213910.0,394711516.0
2024-03-31,Debt,123598843723.0,0.004633999509022976,0.005242677271796156,-0.0006086777627731799,124150495813.0,-551652090.0
2024-03-31,Equity,23729069826515.0,0.8896563641976881,0.8845218816344272,0.005134482563260878,20946135813685.0,2782934012830.0
2024-03-31,Equity (ETF),1887478473046.0,0.07076582639388386,0.07378447480072627,-0.0030186484068424058,1747271223253.0,140207249793.0
2024-03-31,Fixed Income (ETF),173446139041.0,0.006502887073597748,0.007321552383879246,-0.0008186653102814981,173379804145.0,66334896.0
2024-03-31,Options,545415411163.0,0.02044885430487715,0.02009143313955555,0.0003574211653216003,475780075056.0,69635336107.0
2024-03-31,Preferred,31844873289.0,0.001193936146497011,0.0013575342955616894,-0.0001635981490646784,32147421468.0,-302548179.0
2024-03-31,Warrants/Rights,355047811.0,1.3311543476417788e-05,5.5212334574333956e-05,-4.190079109791617e-05,1307469134.0,-952421323.0
2024-06-30,Commodity (ETF),189061904930.0,0.006753199860216329,0.006784820830956703,-3.1620970740373934e-05,180965925426.0,8095979504.0
2024-06-30,Debt,109695071836.0,0.0039182549443980965,0.004633999509022976,-0.0007157445646248798,123598843723.0,-13903771887.0
2024-06-30,Equity,24960889811512.0,0.891590919113977,0.8896563641976881,0.0019345549162889109,23729069826515.0,1231819984997.0
2024-06-30,Equity (ETF),1949803039235.0,0.06964602211580592,0.07076582639388386,-0.0011198042780779377,1887478473046.0,62324566189.0
2024-06-30,Fixed Income (ETF),173430488632.0,0.006194853225563933,0.006502887073597748,-0.00030803384803381514,173446139041.0,-15650409.0
2024-06-30,Options,580827301325.0,0.020746870457959782,0.02044885430487715,0.00029801615308263155,545415411163.0,35411890162.0
2024-06-30,Preferred,31446604985.0,0.0011232575302127003,0.001193936146497011,-7.067861628431071e-05,31844873289.0,-398268304.0
2024-06-30,Warrants/Rights,745327887.0,2.66227518662066e-05,1.3311543476417788e-05,1.3311208389788812e-05,355047811.0,390280076.0
2024-09-30,Commodity (ETF),190647030472.0,0.006373883284945718,0.006753199860216329,-0.00037931657527061086,189061904930.0,1585125542.0
2024-09-30,Debt,115721149057.0,0.0038688937134924496,0.0039182549443980965,-4.936123090564697e-05,109695071836.0,6026077221.0
2024-09-30,Equity,26706366508164.0,0.8928713060286615,0.891590919113977,0.0012803869146844615,24960889811512.0,1745476696652.0
2024-09-30,Equity (ETF),2084738247806.0,0.06969884733205564,0.06964602211580592,5.282521624971892e-05,1949803039235.0,134935208571.0
2024-09-30,Fixed Income (ETF),177816591630.0,0.005944924494079301,0.006194853225563933,-0.00024992873148463237,173430488632.0,4386102998.0
2024-09-30,Options,603488361487.0,0.020176366610159223,0.020746870457959782,-0.0005705038478005589,580827301325.0,22661060162.0
2024-09-30,Preferred,30981461461.0,0.0010358001321109497,0.0011232575302127003,-8.745739810175055e-05,31446604985.0,-465143524.0
2024-09-30,Warrants/Rights,896673745.0,2.9978404495235893e-05,2.66227518662066e-05,3.3556526290292937e-06,745327887.0,151345858.0
2024-12-31,Commodity (ETF),192899277534.0,0.0062674928516867415,0.006373883284945718,-0.00010639043325897692,190647030472.0,2252247062.0
2024-12-31,Debt,118774107841.0,0.0038590910312130567,0.0038688937134924496,-9.802682279392867e-06,115721149057.0,3052958784.0
2024-12-31,Equity,27524468133526.0,0.8942978401925201,0.8928713060286615,0.0014265341638586282,26706366508164.0,818101625362.0
2024-12-31,Equity (ETF),2055980171898.0,0.06680087761505049,0.06969884733205564,-0.00289796971700515,2084738247806.0,-28758075908.0
2024-12-31,Fixed Income (ETF),177496915964.0,0.0057670545282614265,0.005944924494079301,-0.00017786996581787423,177816591630.0,-319675666.0
2024-12-31,Options,676993375070.0,0.021996200261261402,0.020176366610159223,0.001819833651102179,603488361487.0,73505013583.0
2024-12-31,Preferred,30278985370.0,0.0009837948943554411,0.0010358001321109497,-5.2005237755508573e-05,30981461461.0,-702476091.0
2024-12-31,Warrants/Rights,850962265.0,2.7648625651294136e-05,2.9978404495235893e-05,-2.329778843941757e-06,896673745.0,-45711480.0
2025-03-31,Commodity (ETF),199076480176.0,0.00665589187500345,0.0062674928516867415,0.00038839902331670815,192899277534.0,6177202642.0
2025-03-31,Debt,109716726389.0,0.003668251855160938,0.0038590910312130567,-0.00019083917605211857,118774107841.0,-9057381452.0
2025-03-31,Equity,26736433557350.0,0.8939017342661912,0.8942978401925201,-0.0003961059263288824,27524468133526.0,-788034576176.0
2025-03-31,Equity (ETF),1971811022371.0,0.06592522105694527,0.06680087761505049,-0.0008756565581052173,2055980171898.0,-84169149527.0
2025-03-31,Fixed Income (ETF),173563763206.0,0.005802903689559546,0.0057670545282614265,3.584916129811908e-05,177496915964.0,-3933152758.0
2025-03-31,Options,689419833396.0,0.02304995478878206,0.021996200261261402,0.0010537545275206596,676993375070.0,12426458326.0
2025-03-31,Preferred,28956949212.0,0.0009681421070668184,0.0009837948943554411,-1.5652787288622755e-05,30278985370.0,-1322036158.0
2025-03-31,Warrants/Rights,834494584.0,2.7900361290643274e-05,2.7648625651294136e-05,2.517356393491375e-07,850962265.0,-16467681.0
2025-06-30,Commodity (ETF),210744695202.0,0.006257612518411937,0.00665589187500345,-0.0003982793565915129,199076480176.0,11668215026.0
2025-06-30,Debt,110029316995.0,0.0032670849947623883,0.003668251855160938,-0.0004011668603985498,109716726389.0,312590606.0
2025-06-30,Equity,30298479576876.0,0.8996484818153011,0.8939017342661912,0.005746747549109865,26736433557350.0,3562046019526.0
2025-06-30,Equity (ETF),2009010042855.0,0.05965325192045661,0.06592522105694527,-0.006271969136488663,1971811022371.0,37199020484.0
2025-06-30,Fixed Income (ETF),175893146297.0,0.005222770391045762,0.005802903689559546,-0.000580133298513784,173563763206.0,2329383091.0
2025-06-30,Options,769021654976.0,0.02283445156470071,0.02304995478878206,-0.000215503224081353,689419833396.0,79601821580.0
2025-06-30,Preferred,28669788041.0,0.0008512879736954625,0.0009681421070668184,-0.00011685413337135585,28956949212.0,-287161171.0
2025-06-30,Warrants/Rights,76282948101.0,0.002265058821626062,2.7900361290643274e-05,0.0022371584603354186,834494584.0,75448453517.0
2025-09-30,Commodity (ETF),213130152081.0,0.005761458989529092,0.006257612518411937,-0.0004961535288828447,210744695202.0,2385456879.0
2025-09-30,Debt,117897101307.0,0.0031870634329885196,0.0032670849947623883,-8.002156177386874e-05,110029316995.0,7867784312.0
2025-09-30,Equity,33358524618151.0,0.9017671580585672,0.8996484818153011,0.0021186762432661155,30298479576876.0,3060045041275.0
2025-09-30,Equity (ETF),2146446983500.0,0.05802401090547588,0.05965325192045661,-0.0016292410149807285,2009010042855.0,137436940645.0
2025-09-30,Fixed Income (ETF),183989604865.0,0.004973714664861163,0.005222770391045762,-0.00024905572618459833,175893146297.0,8096458568.0
2025-09-30,Options,858883452084.0,0.02321784007401494,0.02283445156470071,0.00038338850931423155,769021654976.0,89861797108.0
2025-09-30,Preferred,29369965480.0,0.0007939460934302504,0.0008512879736954625,-5.73418802652121e-05,28669788041.0,700177439.0
2025-09-30,Warrants/Rights,84150582210.0,0.0022748077811329667,0.002265058821626062,9.74895950690488e-06,76282948101.0,7867634109.0
2025-12-31,Commodity (ETF),217983920822.0,0.005632934659188957,0.005761458989529092,-0.0001285243303401351,213130152081.0,4853768741.0
2025-12-31,Debt,136822315409.0,0.0035356330857411362,0.0031870634329885196,0.0003485696527526167,117897101307.0,18925214102.0
2025-12-31,Equity,34912918310345.0,0.9021866698340761,0.9017671580585672,0.0004195117755089184,33358524618151.0,1554393692194.0
2025-12-31,Equity (ETF),2197063806265.0,0.05677444839092321,0.05802401090547588,-0.001249562514552674,2146446983500.0,50616822765.0
2025-12-31,Fixed Income (ETF),184808210523.0,0.004775639278494123,0.004973714664861163,-0.0001980753863670406,183989604865.0,818605658.0
2025-12-31,Options,927429745242.0,0.0239657637876986,0.02321784007401494,0.0007479237136836583,858883452084.0,68546293158.0
2025-12-31,Preferred,28657548843.0,0.0007405413184440858,0.0007939460934302504,-5.3404774986164603e-05,29369965480.0,-712416637.0
2025-12-31,Warrants/Rights,92425389461.0,0.0023883696454337767,0.0022748077811329667,0.00011356186430081005,84150582210.0,8274807251.0
2026-03-31,Commodity (ETF),200879152482.0,0.004911479092537953,0.005632934659188957,-0.0007214555666510041,217983920822.0,-17104768340.0
2026-03-31,Debt,138781795511.0,0.0033932037180325705,0.0035356330857411362,-0.00014242936770856576,136822315409.0,1959480102.0
2026-03-31,Equity,36980864235724.0,0.9041791508654348,0.9021866698340761,0.0019924810313586283,34912918310345.0,2067945925379.0
2026-03-31,Equity (ETF),2272445217475.0,0.05556110246714838,0.05677444839092321,-0.001213345923774832,2197063806265.0,75381411210.0
2026-03-31,Fixed Income (ETF),182365426826.0,0.004458819991974616,0.004775639278494123,-0.00031681928651950634,184808210523.0,-2442783697.0
2026-03-31,Options,995920381166.0,0.02435017307416976,0.0239657637876986,0.0003844092864711615,927429745242.0,68490635924.0
2026-03-31,Preferred,28020834948.0,0.000685107156726434,0.0007405413184440858,-5.543416171765179e-05,28657548843.0,-636713895.0
2026-03-31,Warrants/Rights,100653241064.0,0.0024609636339754863,0.0023883696454337767,7.259398854170956e-05,92425389461.0,8227851603.0
2026-06-30,Commodity (ETF),196059801689.0,0.004513630306803441,0.004911479092537953,-0.00039784878573451143,200879152482.0,-4819350793.0
2026-06-30,Debt,141173328595.0,0.0032500502855219576,0.0033932037180325705,-0.00014315343251061286,138781795511.0,2391533084.0
2026-06-30,Equity,39330570577490.0,0.9054566709397555,0.9041791508654348,0.0012775200743206927,36980864235724.0,2349706341766.0
2026-06-30,Equity (ETF),2381481131147.0,0.05482574865436438,0.05556110246714838,-0.000735353812783994,2272445217475.0,109035913672.0
2026-06-30,Fixed Income (ETF),190108146361.0,0.004376613072099096,0.004458819991974616,-8.220691987551997e-05,182365426826.0,7742719535.0
2026-06-30,Options,1063347937572.0,0.024480079222538524,0.02435017307416976,0.00012990614836876427,995920381166.0,67427556406.0
2026-06-30,Preferred,25353186200.0,0.0005836734946201426,0.000685107156726434,-0.0001014336621062914,28020834948.0,-2667648748.0
2026-06-30,Warrants/Rights,109181069083.0,0.0025135340242970258,0.0024609636339754863,5.257039032153946e-05,100653241064.0,8527828019.0
